date.time,unit,value
10/24/2019 0:42,C,24.129
10/24/2019 4:42,C,22.128
10/24/2019 8:42,C,21.627
10/24/2019 12:42,C,19.625
10/24/2019 16:42,C,17.121
10/24/2019 20:42,C,18.123
10/25/2019 0:42,C,20.626
10/25/2019 4:42,C,19.625
10/25/2019 8:42,C,19.124
10/25/2019 12:42,C,18.623
10/25/2019 16:42,C,18.623
10/25/2019 20:42,C,20.126
10/26/2019 0:42,C,20.126
10/26/2019 4:42,C,20.126
10/26/2019 8:42,C,19.625
10/26/2019 12:42,C,19.625
10/26/2019 16:42,C,21.627
10/26/2019 20:42,C,20.626
10/27/2019 0:42,C,19.625
10/27/2019 4:42,C,18.623
10/27/2019 8:42,C,18.123
10/27/2019 12:42,C,18.623
10/27/2019 16:42,C,19.625
10/27/2019 20:42,C,17.622
10/28/2019 0:42,C,21.127
10/28/2019 4:42,C,18.123
10/28/2019 8:42,C,18.123
10/28/2019 12:42,C,4.071
10/28/2019 16:42,C,3.568
10/28/2019 20:42,C,14.113
10/29/2019 0:42,C,12.608
10/29/2019 4:42,C,4.071
10/29/2019 8:42,C,-0.457
10/29/2019 12:42,C,7.589
10/29/2019 16:42,C,14.113
10/29/2019 20:42,C,6.584
10/30/2019 0:42,C,1.053
10/30/2019 4:42,C,-1.967
10/30/2019 8:42,C,-3.982
10/30/2019 12:42,C,0.55
10/30/2019 16:42,C,4.071
10/30/2019 20:42,C,1.556
10/31/2019 0:42,C,16.62
10/31/2019 4:42,C,18.123
10/31/2019 8:42,C,18.623
10/31/2019 12:42,C,8.593
10/31/2019 16:42,C,11.103
10/31/2019 20:42,C,10.099
11/1/2019 0:42,C,4.574
11/1/2019 4:42,C,2.562
11/1/2019 8:42,C,1.556
11/1/2019 12:42,C,5.076
11/1/2019 16:42,C,15.116
11/1/2019 20:42,C,19.625
11/2/2019 0:42,C,20.626
11/2/2019 4:42,C,18.123
11/2/2019 8:42,C,9.597
11/2/2019 12:42,C,8.593
11/2/2019 16:42,C,9.597
11/2/2019 20:42,C,4.574
11/3/2019 0:42,C,3.568
11/3/2019 3:42,C,3.568
11/3/2019 7:42,C,3.568
11/3/2019 11:42,C,3.065
11/3/2019 15:42,C,3.568
11/3/2019 19:42,C,3.568
11/3/2019 23:42,C,3.568
11/4/2019 3:42,C,4.071
11/4/2019 7:42,C,4.071
11/4/2019 11:42,C,4.071
11/4/2019 15:42,C,4.071
11/4/2019 19:42,C,4.574
11/4/2019 23:42,C,4.574
11/5/2019 3:42,C,4.574
11/5/2019 7:42,C,4.574
11/5/2019 11:42,C,4.574
11/5/2019 15:42,C,4.574
11/5/2019 19:42,C,4.574
11/5/2019 23:42,C,4.574
11/6/2019 3:42,C,4.574
11/6/2019 7:42,C,4.574
11/6/2019 11:42,C,4.071
11/6/2019 15:42,C,4.071
11/6/2019 19:42,C,4.071
11/6/2019 23:42,C,4.071
11/7/2019 3:42,C,4.071
11/7/2019 7:42,C,4.071
11/7/2019 11:42,C,4.071
11/7/2019 15:42,C,4.071
11/7/2019 19:42,C,4.071
11/7/2019 23:42,C,4.071
11/8/2019 3:42,C,3.568
11/8/2019 7:42,C,3.568
11/8/2019 11:42,C,3.568
11/8/2019 15:42,C,3.568
11/8/2019 19:42,C,3.568
11/8/2019 23:42,C,3.568
11/9/2019 3:42,C,3.568
11/9/2019 7:42,C,3.568
11/9/2019 11:42,C,3.568
11/9/2019 15:42,C,3.568
11/9/2019 19:42,C,3.568
11/9/2019 23:42,C,3.568
11/10/2019 3:42,C,3.568
11/10/2019 7:42,C,3.568
11/10/2019 11:42,C,3.568
11/10/2019 15:42,C,3.568
11/10/2019 19:42,C,3.568
11/10/2019 23:42,C,3.065
11/11/2019 3:42,C,3.065
11/11/2019 7:42,C,3.065
11/11/2019 11:42,C,3.065
11/11/2019 15:42,C,3.065
11/11/2019 19:42,C,3.065
11/11/2019 23:42,C,3.065
11/12/2019 3:42,C,3.065
11/12/2019 7:42,C,3.065
11/12/2019 11:42,C,3.065
11/12/2019 15:42,C,3.065
11/12/2019 19:42,C,2.562
11/12/2019 23:42,C,2.562
11/13/2019 3:42,C,2.562
11/13/2019 7:42,C,2.562
11/13/2019 11:42,C,2.562
11/13/2019 15:42,C,2.562
11/13/2019 19:42,C,2.562
11/13/2019 23:42,C,2.562
11/14/2019 3:42,C,2.562
11/14/2019 7:42,C,2.562
11/14/2019 11:42,C,2.562
11/14/2019 15:42,C,2.562
11/14/2019 19:42,C,2.562
11/14/2019 23:42,C,2.562
11/15/2019 3:42,C,2.562
11/15/2019 7:42,C,2.562
11/15/2019 11:42,C,2.562
11/15/2019 15:42,C,2.562
11/15/2019 19:42,C,2.562
11/15/2019 23:42,C,2.059
11/16/2019 3:42,C,2.059
11/16/2019 7:42,C,2.059
11/16/2019 11:42,C,2.059
11/16/2019 15:42,C,2.059
11/16/2019 19:42,C,2.059
11/16/2019 23:42,C,2.059
11/17/2019 3:42,C,2.059
11/17/2019 7:42,C,2.059
11/17/2019 11:42,C,2.059
11/17/2019 15:42,C,2.059
11/17/2019 19:42,C,2.059
11/17/2019 23:42,C,2.059
11/18/2019 3:42,C,2.059
11/18/2019 7:42,C,2.059
11/18/2019 11:42,C,2.059
11/18/2019 15:42,C,2.059
11/18/2019 19:42,C,2.059
11/18/2019 23:42,C,2.059
11/19/2019 3:42,C,2.059
11/19/2019 7:42,C,2.059
11/19/2019 11:42,C,2.059
11/19/2019 15:42,C,2.059
11/19/2019 19:42,C,2.059
11/19/2019 23:42,C,2.059
11/20/2019 3:42,C,2.059
11/20/2019 7:42,C,2.059
11/20/2019 11:42,C,2.059
11/20/2019 15:42,C,2.059
11/20/2019 19:42,C,2.059
11/20/2019 23:42,C,2.059
11/21/2019 3:42,C,2.059
11/21/2019 7:42,C,2.059
11/21/2019 11:42,C,2.059
11/21/2019 15:42,C,2.059
11/21/2019 19:42,C,2.059
11/21/2019 23:42,C,2.059
11/22/2019 3:42,C,2.059
11/22/2019 7:42,C,2.059
11/22/2019 11:42,C,2.059
11/22/2019 15:42,C,2.059
11/22/2019 19:42,C,2.059
11/22/2019 23:42,C,2.059
11/23/2019 3:42,C,2.059
11/23/2019 7:42,C,2.059
11/23/2019 11:42,C,2.059
11/23/2019 15:42,C,2.059
11/23/2019 19:42,C,2.059
11/23/2019 23:42,C,2.059
11/24/2019 3:42,C,2.059
11/24/2019 7:42,C,2.059
11/24/2019 11:42,C,2.059
11/24/2019 15:42,C,2.059
11/24/2019 19:42,C,2.059
11/24/2019 23:42,C,2.059
11/25/2019 3:42,C,2.059
11/25/2019 7:42,C,2.059
11/25/2019 11:42,C,2.059
11/25/2019 15:42,C,2.059
11/25/2019 19:42,C,2.059
11/25/2019 23:42,C,2.059
11/26/2019 3:42,C,2.059
11/26/2019 7:42,C,2.059
11/26/2019 11:42,C,2.059
11/26/2019 15:42,C,2.059
11/26/2019 19:42,C,2.059
11/26/2019 23:42,C,2.059
11/27/2019 3:42,C,2.059
11/27/2019 7:42,C,2.059
11/27/2019 11:42,C,2.059
11/27/2019 15:42,C,2.059
11/27/2019 19:42,C,2.059
11/27/2019 23:42,C,2.059
11/28/2019 3:42,C,2.059
11/28/2019 7:42,C,2.059
11/28/2019 11:42,C,2.059
11/28/2019 15:42,C,2.059
11/28/2019 19:42,C,2.059
11/28/2019 23:42,C,2.059
11/29/2019 3:42,C,2.059
11/29/2019 7:42,C,2.059
11/29/2019 11:42,C,2.059
11/29/2019 15:42,C,2.059
11/29/2019 19:42,C,2.059
11/29/2019 23:42,C,2.059
11/30/2019 3:42,C,2.059
11/30/2019 7:42,C,2.059
11/30/2019 11:42,C,2.059
11/30/2019 15:42,C,2.059
11/30/2019 19:42,C,2.059
11/30/2019 23:42,C,2.059
12/1/2019 3:42,C,2.059
12/1/2019 7:42,C,2.059
12/1/2019 11:42,C,2.059
12/1/2019 15:42,C,2.059
12/1/2019 19:42,C,2.059
12/1/2019 23:42,C,2.059
12/2/2019 3:42,C,2.059
12/2/2019 7:42,C,2.059
12/2/2019 11:42,C,2.059
12/2/2019 15:42,C,2.059
12/2/2019 19:42,C,2.059
12/2/2019 23:42,C,2.059
12/3/2019 3:42,C,2.059
12/3/2019 7:42,C,2.059
12/3/2019 11:42,C,2.059
12/3/2019 15:42,C,2.059
12/3/2019 19:42,C,2.059
12/3/2019 23:42,C,2.059
12/4/2019 3:42,C,2.059
12/4/2019 7:42,C,2.059
12/4/2019 11:42,C,2.059
12/4/2019 15:42,C,2.059
12/4/2019 19:42,C,1.556
12/4/2019 23:42,C,2.059
12/5/2019 3:42,C,2.059
12/5/2019 7:42,C,2.059
12/5/2019 11:42,C,1.556
12/5/2019 15:42,C,1.556
12/5/2019 19:42,C,2.059
12/5/2019 23:42,C,2.059
12/6/2019 3:42,C,1.556
12/6/2019 7:42,C,2.059
12/6/2019 11:42,C,1.556
12/6/2019 15:42,C,1.556
12/6/2019 19:42,C,1.556
12/6/2019 23:42,C,1.556
12/7/2019 3:42,C,1.556
12/7/2019 7:42,C,1.556
12/7/2019 11:42,C,1.556
12/7/2019 15:42,C,1.556
12/7/2019 19:42,C,1.556
12/7/2019 23:42,C,1.556
12/8/2019 3:42,C,1.556
12/8/2019 7:42,C,1.556
12/8/2019 11:42,C,1.556
12/8/2019 15:42,C,1.556
12/8/2019 19:42,C,1.556
12/8/2019 23:42,C,1.556
12/9/2019 3:42,C,1.556
12/9/2019 7:42,C,1.556
12/9/2019 11:42,C,1.556
12/9/2019 15:42,C,1.556
12/9/2019 19:42,C,1.556
12/9/2019 23:42,C,1.556
12/10/2019 3:42,C,1.556
12/10/2019 7:42,C,1.556
12/10/2019 11:42,C,1.556
12/10/2019 15:42,C,1.556
12/10/2019 19:42,C,1.556
12/10/2019 23:42,C,1.556
12/11/2019 3:42,C,1.556
12/11/2019 7:42,C,1.556
12/11/2019 11:42,C,1.556
12/11/2019 15:42,C,1.556
12/11/2019 19:42,C,1.556
12/11/2019 23:42,C,1.556
12/12/2019 3:42,C,1.556
12/12/2019 7:42,C,1.556
12/12/2019 11:42,C,1.556
12/12/2019 15:42,C,1.556
12/12/2019 19:42,C,1.556
12/12/2019 23:42,C,1.556
12/13/2019 3:42,C,1.556
12/13/2019 7:42,C,1.556
12/13/2019 11:42,C,1.556
12/13/2019 15:42,C,1.556
12/13/2019 19:42,C,1.556
12/13/2019 23:42,C,1.556
12/14/2019 3:42,C,1.556
12/14/2019 7:42,C,1.556
12/14/2019 11:42,C,1.556
12/14/2019 15:42,C,1.556
12/14/2019 19:42,C,1.556
12/14/2019 23:42,C,1.556
12/15/2019 3:42,C,1.556
12/15/2019 7:42,C,1.556
12/15/2019 11:42,C,1.556
12/15/2019 15:42,C,1.556
12/15/2019 19:42,C,1.556
12/15/2019 23:42,C,1.556
12/16/2019 3:42,C,1.556
12/16/2019 7:42,C,1.556
12/16/2019 11:42,C,1.556
12/16/2019 15:42,C,1.556
12/16/2019 19:42,C,1.556
12/16/2019 23:42,C,1.556
12/17/2019 3:42,C,1.556
12/17/2019 7:42,C,1.556
12/17/2019 11:42,C,1.556
12/17/2019 15:42,C,1.556
12/17/2019 19:42,C,1.556
12/17/2019 23:42,C,1.556
12/18/2019 3:42,C,1.556
12/18/2019 7:42,C,1.556
12/18/2019 11:42,C,1.556
12/18/2019 15:42,C,1.556
12/18/2019 19:42,C,1.053
12/18/2019 23:42,C,1.053
12/19/2019 3:42,C,1.053
12/19/2019 7:42,C,1.053
12/19/2019 11:42,C,1.053
12/19/2019 15:42,C,1.053
12/19/2019 19:42,C,1.053
12/19/2019 23:42,C,1.053
12/20/2019 3:42,C,1.053
12/20/2019 7:42,C,1.053
12/20/2019 11:42,C,1.053
12/20/2019 15:42,C,1.053
12/20/2019 19:42,C,1.053
12/20/2019 23:42,C,1.053
12/21/2019 3:42,C,1.053
12/21/2019 7:42,C,1.053
12/21/2019 11:42,C,1.053
12/21/2019 15:42,C,1.053
12/21/2019 19:42,C,1.053
12/21/2019 23:42,C,1.053
12/22/2019 3:42,C,1.053
12/22/2019 7:42,C,1.053
12/22/2019 11:42,C,1.053
12/22/2019 15:42,C,1.053
12/22/2019 19:42,C,1.053
12/22/2019 23:42,C,1.053
12/23/2019 3:42,C,1.053
12/23/2019 7:42,C,1.053
12/23/2019 11:42,C,1.053
12/23/2019 15:42,C,1.053
12/23/2019 19:42,C,1.053
12/23/2019 23:42,C,1.053
12/24/2019 3:42,C,1.053
12/24/2019 7:42,C,1.053
12/24/2019 11:42,C,1.053
12/24/2019 15:42,C,1.053
12/24/2019 19:42,C,1.053
12/24/2019 23:42,C,1.053
12/25/2019 3:42,C,1.053
12/25/2019 7:42,C,1.053
12/25/2019 11:42,C,1.053
12/25/2019 15:42,C,1.053
12/25/2019 19:42,C,1.053
12/25/2019 23:42,C,1.053
12/26/2019 3:42,C,1.053
12/26/2019 7:42,C,1.053
12/26/2019 11:42,C,1.053
12/26/2019 15:42,C,1.053
12/26/2019 19:42,C,1.053
12/26/2019 23:42,C,1.053
12/27/2019 3:42,C,1.053
12/27/2019 7:42,C,1.053
12/27/2019 11:42,C,1.053
12/27/2019 15:42,C,1.053
12/27/2019 19:42,C,1.053
12/27/2019 23:42,C,1.053
12/28/2019 3:42,C,1.053
12/28/2019 7:42,C,1.053
12/28/2019 11:42,C,1.053
12/28/2019 15:42,C,1.053
12/28/2019 19:42,C,1.053
12/28/2019 23:42,C,1.053
12/29/2019 3:42,C,1.053
12/29/2019 7:42,C,1.053
12/29/2019 11:42,C,1.053
12/29/2019 15:42,C,1.053
12/29/2019 19:42,C,1.053
12/29/2019 23:42,C,1.053
12/30/2019 3:42,C,1.053
12/30/2019 7:42,C,1.053
12/30/2019 11:42,C,1.053
12/30/2019 15:42,C,1.053
12/30/2019 19:42,C,1.053
12/30/2019 23:42,C,1.053
12/31/2019 3:42,C,1.053
12/31/2019 7:42,C,1.053
12/31/2019 11:42,C,1.053
12/31/2019 15:42,C,1.053
12/31/2019 19:42,C,1.053
12/31/2019 23:42,C,1.053
1/1/2020 3:42,C,1.053
1/1/2020 7:42,C,1.053
1/1/2020 11:42,C,1.053
1/1/2020 15:42,C,1.053
1/1/2020 19:42,C,1.053
1/1/2020 23:42,C,1.053
1/2/2020 3:42,C,1.053
1/2/2020 7:42,C,1.053
1/2/2020 11:42,C,1.053
1/2/2020 15:42,C,1.053
1/2/2020 19:42,C,1.053
1/2/2020 23:42,C,1.053
1/3/2020 3:42,C,1.053
1/3/2020 7:42,C,1.053
1/3/2020 11:42,C,1.053
1/3/2020 15:42,C,1.053
1/3/2020 19:42,C,1.053
1/3/2020 23:42,C,1.053
1/4/2020 3:42,C,1.053
1/4/2020 7:42,C,1.053
1/4/2020 11:42,C,1.053
1/4/2020 15:42,C,1.053
1/4/2020 19:42,C,1.053
1/4/2020 23:42,C,1.053
1/5/2020 3:42,C,1.053
1/5/2020 7:42,C,1.053
1/5/2020 11:42,C,1.053
1/5/2020 15:42,C,1.053
1/5/2020 19:42,C,1.053
1/5/2020 23:42,C,1.053
1/6/2020 3:42,C,1.053
1/6/2020 7:42,C,1.053
1/6/2020 11:42,C,1.053
1/6/2020 15:42,C,1.053
1/6/2020 19:42,C,1.053
1/6/2020 23:42,C,1.053
1/7/2020 3:42,C,1.053
1/7/2020 7:42,C,1.053
1/7/2020 11:42,C,1.053
1/7/2020 15:42,C,1.053
1/7/2020 19:42,C,1.053
1/7/2020 23:42,C,1.053
1/8/2020 3:42,C,1.053
1/8/2020 7:42,C,1.053
1/8/2020 11:42,C,1.053
1/8/2020 15:42,C,1.053
1/8/2020 19:42,C,1.053
1/8/2020 23:42,C,1.053
1/9/2020 3:42,C,1.053
1/9/2020 7:42,C,1.053
1/9/2020 11:42,C,1.053
1/9/2020 15:42,C,1.053
1/9/2020 19:42,C,1.053
1/9/2020 23:42,C,1.053
1/10/2020 3:42,C,1.053
1/10/2020 7:42,C,1.053
1/10/2020 11:42,C,1.053
1/10/2020 15:42,C,1.053
1/10/2020 19:42,C,1.053
1/10/2020 23:42,C,1.053
1/11/2020 3:42,C,1.053
1/11/2020 7:42,C,1.053
1/11/2020 11:42,C,1.053
1/11/2020 15:42,C,1.053
1/11/2020 19:42,C,1.053
1/11/2020 23:42,C,1.053
1/12/2020 3:42,C,1.053
1/12/2020 7:42,C,1.053
1/12/2020 11:42,C,1.053
1/12/2020 15:42,C,1.053
1/12/2020 19:42,C,1.053
1/12/2020 23:42,C,1.053
1/13/2020 3:42,C,1.053
1/13/2020 7:42,C,1.053
1/13/2020 11:42,C,1.053
1/13/2020 15:42,C,1.053
1/13/2020 19:42,C,1.053
1/13/2020 23:42,C,1.053
1/14/2020 3:42,C,1.053
1/14/2020 7:42,C,1.053
1/14/2020 11:42,C,1.053
1/14/2020 15:42,C,1.053
1/14/2020 19:42,C,1.053
1/14/2020 23:42,C,1.053
1/15/2020 3:42,C,1.053
1/15/2020 7:42,C,1.053
1/15/2020 11:42,C,1.053
1/15/2020 15:42,C,1.053
1/15/2020 19:42,C,1.053
1/15/2020 23:42,C,1.053
1/16/2020 3:42,C,1.053
1/16/2020 7:42,C,1.053
1/16/2020 11:42,C,1.053
1/16/2020 15:42,C,1.053
1/16/2020 19:42,C,1.053
1/16/2020 23:42,C,1.053
1/17/2020 3:42,C,1.053
1/17/2020 7:42,C,1.053
1/17/2020 11:42,C,1.053
1/17/2020 15:42,C,1.053
1/17/2020 19:42,C,1.053
1/17/2020 23:42,C,1.053
1/18/2020 3:42,C,1.053
1/18/2020 7:42,C,1.053
1/18/2020 11:42,C,1.053
1/18/2020 15:42,C,1.053
1/18/2020 19:42,C,1.053
1/18/2020 23:42,C,1.053
1/19/2020 3:42,C,1.053
1/19/2020 7:42,C,1.053
1/19/2020 11:42,C,1.053
1/19/2020 15:42,C,1.053
1/19/2020 19:42,C,1.053
1/19/2020 23:42,C,1.053
1/20/2020 3:42,C,1.053
1/20/2020 7:42,C,1.053
1/20/2020 11:42,C,1.053
1/20/2020 15:42,C,1.053
1/20/2020 19:42,C,1.053
1/20/2020 23:42,C,1.053
1/21/2020 3:42,C,1.053
1/21/2020 7:42,C,1.053
1/21/2020 11:42,C,1.053
1/21/2020 15:42,C,1.053
1/21/2020 19:42,C,1.053
1/21/2020 23:42,C,1.053
1/22/2020 3:42,C,1.053
1/22/2020 7:42,C,1.053
1/22/2020 11:42,C,1.053
1/22/2020 15:42,C,1.053
1/22/2020 19:42,C,1.053
1/22/2020 23:42,C,1.053
1/23/2020 3:42,C,1.053
1/23/2020 7:42,C,1.053
1/23/2020 11:42,C,1.053
1/23/2020 15:42,C,1.053
1/23/2020 19:42,C,1.053
1/23/2020 23:42,C,1.053
1/24/2020 3:42,C,1.053
1/24/2020 7:42,C,1.053
1/24/2020 11:42,C,1.053
1/24/2020 15:42,C,1.053
1/24/2020 19:42,C,1.053
1/24/2020 23:42,C,1.053
1/25/2020 3:42,C,1.053
1/25/2020 7:42,C,1.053
1/25/2020 11:42,C,1.053
1/25/2020 15:42,C,1.053
1/25/2020 19:42,C,1.053
1/25/2020 23:42,C,1.053
1/26/2020 3:42,C,1.053
1/26/2020 7:42,C,1.053
1/26/2020 11:42,C,1.053
1/26/2020 15:42,C,1.053
1/26/2020 19:42,C,1.053
1/26/2020 23:42,C,1.053
1/27/2020 3:42,C,1.053
1/27/2020 7:42,C,1.053
1/27/2020 11:42,C,1.053
1/27/2020 15:42,C,1.053
1/27/2020 19:42,C,1.053
1/27/2020 23:42,C,1.053
1/28/2020 3:42,C,1.053
1/28/2020 7:42,C,1.053
1/28/2020 11:42,C,1.053
1/28/2020 15:42,C,1.053
1/28/2020 19:42,C,1.053
1/28/2020 23:42,C,1.053
1/29/2020 3:42,C,1.053
1/29/2020 7:42,C,1.053
1/29/2020 11:42,C,1.053
1/29/2020 15:42,C,1.053
1/29/2020 19:42,C,1.053
1/29/2020 23:42,C,1.053
1/30/2020 3:42,C,1.053
1/30/2020 7:42,C,1.053
1/30/2020 11:42,C,1.053
1/30/2020 15:42,C,1.053
1/30/2020 19:42,C,1.053
1/30/2020 23:42,C,1.053
1/31/2020 3:42,C,1.053
1/31/2020 7:42,C,1.053
1/31/2020 11:42,C,1.053
1/31/2020 15:42,C,1.053
1/31/2020 19:42,C,1.053
1/31/2020 23:42,C,1.053
2/1/2020 3:42,C,1.053
2/1/2020 7:42,C,1.053
2/1/2020 11:42,C,1.053
2/1/2020 15:42,C,1.053
2/1/2020 19:42,C,1.053
2/1/2020 23:42,C,1.053
2/2/2020 3:42,C,1.053
2/2/2020 7:42,C,1.053
2/2/2020 11:42,C,1.053
2/2/2020 15:42,C,1.053
2/2/2020 19:42,C,1.053
2/2/2020 23:42,C,1.053
2/3/2020 3:42,C,1.053
2/3/2020 7:42,C,1.053
2/3/2020 11:42,C,1.053
2/3/2020 15:42,C,1.053
2/3/2020 19:42,C,1.053
2/3/2020 23:42,C,1.053
2/4/2020 3:42,C,1.053
2/4/2020 7:42,C,1.053
2/4/2020 11:42,C,1.053
2/4/2020 15:42,C,1.053
2/4/2020 19:42,C,1.053
2/4/2020 23:42,C,1.053
2/5/2020 3:42,C,1.053
2/5/2020 7:42,C,1.053
2/5/2020 11:42,C,1.053
2/5/2020 15:42,C,1.053
2/5/2020 19:42,C,1.053
2/5/2020 23:42,C,1.053
2/6/2020 3:42,C,1.053
2/6/2020 7:42,C,1.053
2/6/2020 11:42,C,1.053
2/6/2020 15:42,C,1.053
2/6/2020 19:42,C,1.053
2/6/2020 23:42,C,1.053
2/7/2020 3:42,C,1.053
2/7/2020 7:42,C,1.053
2/7/2020 11:42,C,1.053
2/7/2020 15:42,C,1.053
2/7/2020 19:42,C,1.053
2/7/2020 23:42,C,1.053
2/8/2020 3:42,C,1.053
2/8/2020 7:42,C,1.053
2/8/2020 11:42,C,1.053
2/8/2020 15:42,C,1.053
2/8/2020 19:42,C,1.053
2/8/2020 23:42,C,1.053
2/9/2020 3:42,C,1.053
2/9/2020 7:42,C,1.053
2/9/2020 11:42,C,1.053
2/9/2020 15:42,C,1.053
2/9/2020 19:42,C,1.053
2/9/2020 23:42,C,1.053
2/10/2020 3:42,C,1.053
2/10/2020 7:42,C,1.053
2/10/2020 11:42,C,1.053
2/10/2020 15:42,C,1.053
2/10/2020 19:42,C,1.053
2/10/2020 23:42,C,1.053
2/11/2020 3:42,C,1.053
2/11/2020 7:42,C,1.053
2/11/2020 11:42,C,1.053
2/11/2020 15:42,C,0.55
2/11/2020 19:42,C,1.053
2/11/2020 23:42,C,1.053
2/12/2020 3:42,C,0.55
2/12/2020 7:42,C,1.053
2/12/2020 11:42,C,1.053
2/12/2020 15:42,C,1.053
2/12/2020 19:42,C,0.55
2/12/2020 23:42,C,0.55
2/13/2020 3:42,C,0.55
2/13/2020 7:42,C,1.053
2/13/2020 11:42,C,0.55
2/13/2020 15:42,C,0.55
2/13/2020 19:42,C,0.55
2/13/2020 23:42,C,0.55
2/14/2020 3:42,C,0.55
2/14/2020 7:42,C,0.55
2/14/2020 11:42,C,0.55
2/14/2020 15:42,C,0.55
2/14/2020 19:42,C,0.55
2/14/2020 23:42,C,0.55
2/15/2020 3:42,C,0.55
2/15/2020 7:42,C,0.55
2/15/2020 11:42,C,0.55
2/15/2020 15:42,C,0.55
2/15/2020 19:42,C,0.55
2/15/2020 23:42,C,0.55
2/16/2020 3:42,C,0.55
2/16/2020 7:42,C,0.55
2/16/2020 11:42,C,0.55
2/16/2020 15:42,C,0.55
2/16/2020 19:42,C,0.55
2/16/2020 23:42,C,0.55
2/17/2020 3:42,C,0.55
2/17/2020 7:42,C,0.55
2/17/2020 11:42,C,0.55
2/17/2020 15:42,C,0.55
2/17/2020 19:42,C,0.55
2/17/2020 23:42,C,0.55
2/18/2020 3:42,C,0.55
2/18/2020 7:42,C,0.55
2/18/2020 11:42,C,0.55
2/18/2020 15:42,C,0.55
2/18/2020 19:42,C,0.55
2/18/2020 23:42,C,0.55
2/19/2020 3:42,C,0.55
2/19/2020 7:42,C,0.55
2/19/2020 11:42,C,0.55
2/19/2020 15:42,C,0.55
2/19/2020 19:42,C,0.55
2/19/2020 23:42,C,0.55
2/20/2020 3:42,C,0.55
2/20/2020 7:42,C,0.55
2/20/2020 11:42,C,0.55
2/20/2020 15:42,C,0.55
2/20/2020 19:42,C,0.55
2/20/2020 23:42,C,0.55
2/21/2020 3:42,C,0.55
2/21/2020 7:42,C,0.55
2/21/2020 11:42,C,0.55
2/21/2020 15:42,C,0.55
2/21/2020 19:42,C,0.55
2/21/2020 23:42,C,0.55
2/22/2020 3:42,C,0.55
2/22/2020 7:42,C,0.55
2/22/2020 11:42,C,0.55
2/22/2020 15:42,C,0.55
2/22/2020 19:42,C,0.55
2/22/2020 23:42,C,0.55
2/23/2020 3:42,C,0.55
2/23/2020 7:42,C,0.55
2/23/2020 11:42,C,0.55
2/23/2020 15:42,C,0.55
2/23/2020 19:42,C,0.55
2/23/2020 23:42,C,0.55
2/24/2020 3:42,C,0.55
2/24/2020 7:42,C,0.55
2/24/2020 11:42,C,0.55
2/24/2020 15:42,C,0.55
2/24/2020 19:42,C,0.55
2/24/2020 23:42,C,0.55
2/25/2020 3:42,C,0.55
2/25/2020 7:42,C,0.55
2/25/2020 11:42,C,0.55
2/25/2020 15:42,C,0.55
2/25/2020 19:42,C,0.55
2/25/2020 23:42,C,0.55
2/26/2020 3:42,C,0.55
2/26/2020 7:42,C,0.55
2/26/2020 11:42,C,0.55
2/26/2020 15:42,C,0.55
2/26/2020 19:42,C,0.55
2/26/2020 23:42,C,0.55
2/27/2020 3:42,C,0.55
2/27/2020 7:42,C,0.55
2/27/2020 11:42,C,0.55
2/27/2020 15:42,C,0.55
2/27/2020 19:42,C,0.55
2/27/2020 23:42,C,0.55
2/28/2020 3:42,C,0.55
2/28/2020 7:42,C,0.55
2/28/2020 11:42,C,0.55
2/28/2020 15:42,C,0.55
2/28/2020 19:42,C,0.55
2/28/2020 23:42,C,0.55
2/29/2020 3:42,C,0.55
2/29/2020 7:42,C,0.55
2/29/2020 11:42,C,0.55
2/29/2020 15:42,C,0.55
2/29/2020 19:42,C,0.55
2/29/2020 23:42,C,0.55
3/1/2020 3:42,C,0.55
3/1/2020 7:42,C,0.55
3/1/2020 11:42,C,0.55
3/1/2020 15:42,C,0.55
3/1/2020 19:42,C,0.55
3/1/2020 23:42,C,0.55
3/2/2020 3:42,C,0.55
3/2/2020 7:42,C,0.55
3/2/2020 11:42,C,0.55
3/2/2020 15:42,C,0.55
3/2/2020 19:42,C,0.55
3/2/2020 23:42,C,0.55
3/3/2020 3:42,C,0.55
3/3/2020 7:42,C,0.55
3/3/2020 11:42,C,0.55
3/3/2020 15:42,C,0.55
3/3/2020 19:42,C,0.55
3/3/2020 23:42,C,0.55
3/4/2020 3:42,C,0.55
3/4/2020 7:42,C,0.55
3/4/2020 11:42,C,0.55
3/4/2020 15:42,C,0.55
3/4/2020 19:42,C,0.55
3/4/2020 23:42,C,0.55
3/5/2020 3:42,C,0.55
3/5/2020 7:42,C,0.55
3/5/2020 11:42,C,0.55
3/5/2020 15:42,C,0.55
3/5/2020 19:42,C,0.55
3/5/2020 23:42,C,0.55
3/6/2020 3:42,C,0.55
3/6/2020 7:42,C,0.55
3/6/2020 11:42,C,0.55
3/6/2020 15:42,C,0.55
3/6/2020 19:42,C,0.55
3/6/2020 23:42,C,0.55
3/7/2020 3:42,C,0.55
3/7/2020 7:42,C,0.55
3/7/2020 11:42,C,0.55
3/7/2020 15:42,C,0.55
3/7/2020 19:42,C,0.55
3/7/2020 23:42,C,0.55
3/8/2020 4:42,C,0.55
3/8/2020 8:42,C,0.55
3/8/2020 12:42,C,0.55
3/8/2020 16:42,C,0.55
3/8/2020 20:42,C,0.55
3/9/2020 0:42,C,0.55
3/9/2020 4:42,C,0.55
3/9/2020 8:42,C,0.55
3/9/2020 12:42,C,0.55
3/9/2020 16:42,C,0.55
3/9/2020 20:42,C,0.55
3/10/2020 0:42,C,0.55
3/10/2020 4:42,C,0.55
3/10/2020 8:42,C,0.55
3/10/2020 12:42,C,0.55
3/10/2020 16:42,C,0.55
3/10/2020 20:42,C,0.55
3/11/2020 0:42,C,0.55
3/11/2020 4:42,C,0.55
3/11/2020 8:42,C,0.55
3/11/2020 12:42,C,0.55
3/11/2020 16:42,C,0.55
3/11/2020 20:42,C,0.55
3/12/2020 0:42,C,0.55
3/12/2020 4:42,C,0.55
3/12/2020 8:42,C,0.55
3/12/2020 12:42,C,0.55
3/12/2020 16:42,C,0.55
3/12/2020 20:42,C,0.55
3/13/2020 0:42,C,0.55
3/13/2020 4:42,C,0.55
3/13/2020 8:42,C,0.55
3/13/2020 12:42,C,0.55
3/13/2020 16:42,C,0.55
3/13/2020 20:42,C,0.55
3/14/2020 0:42,C,0.55
3/14/2020 4:42,C,0.55
3/14/2020 8:42,C,0.55
3/14/2020 12:42,C,0.55
3/14/2020 16:42,C,0.55
3/14/2020 20:42,C,0.55
3/15/2020 0:42,C,0.55
3/15/2020 4:42,C,0.55
3/15/2020 8:42,C,0.55
3/15/2020 12:42,C,0.55
3/15/2020 16:42,C,0.55
3/15/2020 20:42,C,0.55
3/16/2020 0:42,C,0.55
3/16/2020 4:42,C,0.55
3/16/2020 8:42,C,0.55
3/16/2020 12:42,C,0.55
3/16/2020 16:42,C,0.55
3/16/2020 20:42,C,0.55
3/17/2020 0:42,C,0.55
3/17/2020 4:42,C,0.55
3/17/2020 8:42,C,0.55
3/17/2020 12:42,C,0.55
3/17/2020 16:42,C,0.55
3/17/2020 20:42,C,0.55
3/18/2020 0:42,C,0.55
3/18/2020 4:42,C,0.55
3/18/2020 8:42,C,0.55
3/18/2020 12:42,C,0.55
3/18/2020 16:42,C,0.55
3/18/2020 20:42,C,0.55
3/19/2020 0:42,C,0.55
3/19/2020 4:42,C,0.55
3/19/2020 8:42,C,0.55
3/19/2020 12:42,C,0.55
3/19/2020 16:42,C,0.55
3/19/2020 20:42,C,0.55
3/20/2020 0:42,C,0.55
3/20/2020 4:42,C,0.55
3/20/2020 8:42,C,0.55
3/20/2020 12:42,C,0.55
3/20/2020 16:42,C,0.55
3/20/2020 20:42,C,0.55
3/21/2020 0:42,C,0.55
3/21/2020 4:42,C,0.55
3/21/2020 8:42,C,0.55
3/21/2020 12:42,C,0.55
3/21/2020 16:42,C,0.55
3/21/2020 20:42,C,0.55
3/22/2020 0:42,C,0.55
3/22/2020 4:42,C,0.55
3/22/2020 8:42,C,0.55
3/22/2020 12:42,C,0.55
3/22/2020 16:42,C,0.55
3/22/2020 20:42,C,0.55
3/23/2020 0:42,C,0.55
3/23/2020 4:42,C,0.55
3/23/2020 8:42,C,0.55
3/23/2020 12:42,C,0.55
3/23/2020 16:42,C,0.55
3/23/2020 20:42,C,0.55
3/24/2020 0:42,C,0.55
3/24/2020 4:42,C,0.55
3/24/2020 8:42,C,0.55
3/24/2020 12:42,C,0.55
3/24/2020 16:42,C,0.55
3/24/2020 20:42,C,0.55
3/25/2020 0:42,C,0.55
3/25/2020 4:42,C,0.55
3/25/2020 8:42,C,0.55
3/25/2020 12:42,C,0.55
3/25/2020 16:42,C,0.55
3/25/2020 20:42,C,0.55
3/26/2020 0:42,C,0.55
3/26/2020 4:42,C,0.55
3/26/2020 8:42,C,0.55
3/26/2020 12:42,C,0.55
3/26/2020 16:42,C,0.55
3/26/2020 20:42,C,0.55
3/27/2020 0:42,C,0.55
3/27/2020 4:42,C,0.55
3/27/2020 8:42,C,0.55
3/27/2020 12:42,C,0.55
3/27/2020 16:42,C,0.55
3/27/2020 20:42,C,0.55
3/28/2020 0:42,C,0.55
3/28/2020 4:42,C,0.55
3/28/2020 8:42,C,0.55
3/28/2020 12:42,C,0.55
3/28/2020 16:42,C,0.55
3/28/2020 20:42,C,0.55
3/29/2020 0:42,C,0.55
3/29/2020 4:42,C,0.55
3/29/2020 8:42,C,0.55
3/29/2020 12:42,C,0.55
3/29/2020 16:42,C,0.55
3/29/2020 20:42,C,0.55
3/30/2020 0:42,C,0.55
3/30/2020 4:42,C,0.55
3/30/2020 8:42,C,0.55
3/30/2020 12:42,C,0.55
3/30/2020 16:42,C,0.55
3/30/2020 20:42,C,0.55
3/31/2020 0:42,C,0.55
3/31/2020 4:42,C,0.55
3/31/2020 8:42,C,0.55
3/31/2020 12:42,C,0.55
3/31/2020 16:42,C,0.55
3/31/2020 20:42,C,0.55
4/1/2020 0:42,C,0.55
4/1/2020 4:42,C,0.55
4/1/2020 8:42,C,0.55
4/1/2020 12:42,C,0.55
4/1/2020 16:42,C,0.55
4/1/2020 20:42,C,0.55
4/2/2020 0:42,C,0.55
4/2/2020 4:42,C,0.55
4/2/2020 8:42,C,0.55
4/2/2020 12:42,C,0.55
4/2/2020 16:42,C,0.55
4/2/2020 20:42,C,0.55
4/3/2020 0:42,C,0.55
4/3/2020 4:42,C,0.55
4/3/2020 8:42,C,0.55
4/3/2020 12:42,C,0.55
4/3/2020 16:42,C,0.55
4/3/2020 20:42,C,0.55
4/4/2020 0:42,C,0.55
4/4/2020 4:42,C,0.55
4/4/2020 8:42,C,0.55
4/4/2020 12:42,C,0.55
4/4/2020 16:42,C,0.55
4/4/2020 20:42,C,0.55
4/5/2020 0:42,C,0.55
4/5/2020 4:42,C,0.55
4/5/2020 8:42,C,0.55
4/5/2020 12:42,C,0.55
4/5/2020 16:42,C,0.55
4/5/2020 20:42,C,0.55
4/6/2020 0:42,C,0.55
4/6/2020 4:42,C,0.55
4/6/2020 8:42,C,0.55
4/6/2020 12:42,C,0.55
4/6/2020 16:42,C,0.55
4/6/2020 20:42,C,0.55
4/7/2020 0:42,C,0.55
4/7/2020 4:42,C,0.55
4/7/2020 8:42,C,0.55
4/7/2020 12:42,C,0.55
4/7/2020 16:42,C,0.55
4/7/2020 20:42,C,0.55
4/8/2020 0:42,C,0.55
4/8/2020 4:42,C,0.55
4/8/2020 8:42,C,0.55
4/8/2020 12:42,C,0.55
4/8/2020 16:42,C,0.55
4/8/2020 20:42,C,0.55
4/9/2020 0:42,C,0.55
4/9/2020 4:42,C,0.55
4/9/2020 8:42,C,0.55
4/9/2020 12:42,C,0.55
4/9/2020 16:42,C,0.55
4/9/2020 20:42,C,0.55
4/10/2020 0:42,C,0.55
4/10/2020 4:42,C,0.55
4/10/2020 8:42,C,0.55
4/10/2020 12:42,C,0.55
4/10/2020 16:42,C,0.55
4/10/2020 20:42,C,0.55
4/11/2020 0:42,C,0.55
4/11/2020 4:42,C,0.55
4/11/2020 8:42,C,0.55
4/11/2020 12:42,C,0.55
4/11/2020 16:42,C,0.55
4/11/2020 20:42,C,0.55
4/12/2020 0:42,C,0.55
4/12/2020 4:42,C,0.55
4/12/2020 8:42,C,0.55
4/12/2020 12:42,C,0.55
4/12/2020 16:42,C,0.55
4/12/2020 20:42,C,0.55
4/13/2020 0:42,C,0.55
4/13/2020 4:42,C,0.55
4/13/2020 8:42,C,0.55
4/13/2020 12:42,C,0.55
4/13/2020 16:42,C,0.55
4/13/2020 20:42,C,0.55
4/14/2020 0:42,C,0.55
4/14/2020 4:42,C,0.55
4/14/2020 8:42,C,0.55
4/14/2020 12:42,C,0.55
4/14/2020 16:42,C,0.55
4/14/2020 20:42,C,0.55
4/15/2020 0:42,C,0.55
4/15/2020 4:42,C,0.55
4/15/2020 8:42,C,0.55
4/15/2020 12:42,C,0.55
4/15/2020 16:42,C,0.55
4/15/2020 20:42,C,0.55
4/16/2020 0:42,C,0.55
4/16/2020 4:42,C,0.55
4/16/2020 8:42,C,0.55
4/16/2020 12:42,C,0.55
4/16/2020 16:42,C,0.55
4/16/2020 20:42,C,0.55
4/17/2020 0:42,C,0.55
4/17/2020 4:42,C,0.55
4/17/2020 8:42,C,0.55
4/17/2020 12:42,C,0.55
4/17/2020 16:42,C,0.55
4/17/2020 20:42,C,0.55
4/18/2020 0:42,C,0.55
4/18/2020 4:42,C,0.55
4/18/2020 8:42,C,0.55
4/18/2020 12:42,C,0.55
4/18/2020 16:42,C,0.55
4/18/2020 20:42,C,0.55
4/19/2020 0:42,C,0.55
4/19/2020 4:42,C,0.55
4/19/2020 8:42,C,0.55
4/19/2020 12:42,C,0.55
4/19/2020 16:42,C,0.55
4/19/2020 20:42,C,0.55
4/20/2020 0:42,C,0.55
4/20/2020 4:42,C,0.55
4/20/2020 8:42,C,0.55
4/20/2020 12:42,C,0.55
4/20/2020 16:42,C,0.55
4/20/2020 20:42,C,0.55
4/21/2020 0:42,C,0.55
4/21/2020 4:42,C,0.55
4/21/2020 8:42,C,0.55
4/21/2020 12:42,C,0.55
4/21/2020 16:42,C,0.55
4/21/2020 20:42,C,0.55
4/22/2020 0:42,C,0.55
4/22/2020 4:42,C,0.55
4/22/2020 8:42,C,0.55
4/22/2020 12:42,C,0.55
4/22/2020 16:42,C,0.55
4/22/2020 20:42,C,0.55
4/23/2020 0:42,C,0.55
4/23/2020 4:42,C,0.55
4/23/2020 8:42,C,0.55
4/23/2020 12:42,C,0.55
4/23/2020 16:42,C,0.55
4/23/2020 20:42,C,0.55
4/24/2020 0:42,C,1.053
4/24/2020 4:42,C,1.053
4/24/2020 8:42,C,1.053
4/24/2020 12:42,C,1.053
4/24/2020 16:42,C,1.053
4/24/2020 20:42,C,1.053
4/25/2020 0:42,C,1.053
4/25/2020 4:42,C,1.053
4/25/2020 8:42,C,1.053
4/25/2020 12:42,C,1.053
4/25/2020 16:42,C,1.053
4/25/2020 20:42,C,1.053
4/26/2020 0:42,C,1.556
4/26/2020 4:42,C,1.556
4/26/2020 8:42,C,1.556
4/26/2020 12:42,C,1.556
4/26/2020 16:42,C,1.556
4/26/2020 20:42,C,1.556
4/27/2020 0:42,C,1.556
4/27/2020 4:42,C,1.556
4/27/2020 8:42,C,1.556
4/27/2020 12:42,C,1.556
4/27/2020 16:42,C,1.556
4/27/2020 20:42,C,2.059
4/28/2020 0:42,C,2.059
4/28/2020 4:42,C,2.059
4/28/2020 8:42,C,2.059
4/28/2020 12:42,C,2.059
4/28/2020 16:42,C,2.059
4/28/2020 20:42,C,2.059
4/29/2020 0:42,C,2.562
4/29/2020 4:42,C,2.562
4/29/2020 8:42,C,2.562
4/29/2020 12:42,C,2.562
4/29/2020 16:42,C,2.562
4/29/2020 20:42,C,2.562
4/30/2020 0:42,C,2.562
4/30/2020 4:42,C,2.562
4/30/2020 8:42,C,2.562
4/30/2020 12:42,C,2.562
4/30/2020 16:42,C,3.065
4/30/2020 20:42,C,3.065
5/1/2020 0:42,C,3.065
5/1/2020 4:42,C,3.065
5/1/2020 8:42,C,3.065
5/1/2020 12:42,C,3.065
5/1/2020 16:42,C,3.568
5/1/2020 20:42,C,3.568
5/2/2020 0:42,C,3.568
5/2/2020 4:42,C,3.568
5/2/2020 8:42,C,3.568
5/2/2020 12:42,C,3.568
5/2/2020 16:42,C,3.568
5/2/2020 20:42,C,4.071
5/3/2020 0:42,C,4.071
5/3/2020 4:42,C,4.071
5/3/2020 8:42,C,4.071
5/3/2020 12:42,C,4.071
5/3/2020 16:42,C,4.071
5/3/2020 20:42,C,4.071
5/4/2020 0:42,C,4.071
5/4/2020 4:42,C,4.071
5/4/2020 8:42,C,4.071
5/4/2020 12:42,C,3.568
5/4/2020 16:42,C,3.568
5/4/2020 20:42,C,4.071
5/5/2020 0:42,C,4.071
5/5/2020 4:42,C,4.071
5/5/2020 8:42,C,4.071
5/5/2020 12:42,C,4.071
5/5/2020 16:42,C,4.071
5/5/2020 20:42,C,4.071
5/6/2020 0:42,C,4.071
5/6/2020 4:42,C,4.071
5/6/2020 8:42,C,4.071
5/6/2020 12:42,C,4.071
5/6/2020 16:42,C,4.071
5/6/2020 20:42,C,4.071
5/7/2020 0:42,C,4.071
5/7/2020 4:42,C,4.071
5/7/2020 8:42,C,4.071
5/7/2020 12:42,C,4.071
5/7/2020 16:42,C,4.071
5/7/2020 20:42,C,4.071
5/8/2020 0:42,C,4.071
5/8/2020 4:42,C,4.071
5/8/2020 8:42,C,4.071
5/8/2020 12:42,C,4.071
5/8/2020 16:42,C,4.071
5/8/2020 20:42,C,4.071
5/9/2020 0:42,C,4.071
5/9/2020 4:42,C,4.071
5/9/2020 8:42,C,4.071
5/9/2020 12:42,C,4.071
5/9/2020 16:42,C,3.568
5/9/2020 20:42,C,3.568
5/10/2020 0:42,C,3.568
5/10/2020 4:42,C,3.568
5/10/2020 8:42,C,3.568
5/10/2020 12:42,C,3.568
5/10/2020 16:42,C,3.568
5/10/2020 20:42,C,3.568
5/11/2020 0:42,C,3.568
5/11/2020 4:42,C,3.568
5/11/2020 8:42,C,3.568
5/11/2020 12:42,C,3.568
5/11/2020 16:42,C,3.568
5/11/2020 20:42,C,3.568
5/12/2020 0:42,C,3.568
5/12/2020 4:42,C,3.568
5/12/2020 8:42,C,3.568
5/12/2020 12:42,C,3.568
5/12/2020 16:42,C,3.568
5/12/2020 20:42,C,3.568
5/13/2020 0:42,C,3.568
5/13/2020 4:42,C,3.568
5/13/2020 8:42,C,3.568
5/13/2020 12:42,C,3.568
5/13/2020 16:42,C,3.568
5/13/2020 20:42,C,3.568
5/14/2020 0:42,C,3.568
5/14/2020 4:42,C,3.568
5/14/2020 8:42,C,3.568
5/14/2020 12:42,C,4.071
5/14/2020 16:42,C,4.071
5/14/2020 20:42,C,4.071
5/15/2020 0:42,C,4.071
5/15/2020 4:42,C,4.574
5/15/2020 8:42,C,4.574
5/15/2020 12:42,C,4.574
5/15/2020 16:42,C,4.574
5/15/2020 20:42,C,4.574
5/16/2020 0:42,C,4.574
5/16/2020 4:42,C,4.574
5/16/2020 8:42,C,4.574
5/16/2020 12:42,C,4.574
5/16/2020 16:42,C,5.076
5/16/2020 20:42,C,5.076
5/17/2020 0:42,C,5.076
5/17/2020 4:42,C,5.076
5/17/2020 8:42,C,5.076
5/17/2020 12:42,C,5.076
5/17/2020 16:42,C,5.076
5/17/2020 20:42,C,5.579
5/18/2020 0:42,C,5.579
5/18/2020 4:42,C,5.579
5/18/2020 8:42,C,5.579
5/18/2020 12:42,C,5.579
5/18/2020 16:42,C,5.579
5/18/2020 20:42,C,6.081
5/19/2020 0:42,C,6.081
5/19/2020 4:42,C,6.081
5/19/2020 8:42,C,6.081
5/19/2020 12:42,C,6.081
5/19/2020 16:42,C,6.081
5/19/2020 20:42,C,6.081
5/20/2020 0:42,C,6.584
5/20/2020 4:42,C,6.584
5/20/2020 8:42,C,6.584
5/20/2020 12:42,C,6.584
5/20/2020 16:42,C,6.584
5/20/2020 20:42,C,6.584
5/21/2020 0:42,C,7.086
5/21/2020 4:42,C,7.086
5/21/2020 8:42,C,7.086
5/21/2020 12:42,C,7.086
5/21/2020 16:42,C,7.086
5/21/2020 20:42,C,7.086
5/22/2020 0:42,C,7.589
5/22/2020 4:42,C,7.589
5/22/2020 8:42,C,7.589
5/22/2020 12:42,C,7.589
5/22/2020 16:42,C,7.589
5/22/2020 20:42,C,7.589
5/23/2020 0:42,C,7.589
5/23/2020 4:42,C,7.589
5/23/2020 8:42,C,7.589
5/23/2020 12:42,C,7.589
5/23/2020 16:42,C,7.589
5/23/2020 20:42,C,7.589
5/24/2020 0:42,C,8.091
5/24/2020 4:42,C,8.091
5/24/2020 8:42,C,8.091
5/24/2020 12:42,C,8.091
5/24/2020 16:42,C,8.091
5/24/2020 20:42,C,8.091
5/25/2020 0:42,C,8.091
5/25/2020 4:42,C,8.091
5/25/2020 8:42,C,8.091
5/25/2020 12:42,C,8.091
5/25/2020 16:42,C,8.091
5/25/2020 20:42,C,8.593
5/26/2020 0:42,C,8.593
5/26/2020 4:42,C,8.593
5/26/2020 8:42,C,8.593
5/26/2020 12:42,C,8.593
5/26/2020 16:42,C,8.593
5/26/2020 20:42,C,8.593
5/27/2020 0:42,C,8.593
5/27/2020 4:42,C,9.095
5/27/2020 8:42,C,8.593
5/27/2020 12:42,C,8.593
5/27/2020 16:42,C,9.095
5/27/2020 20:42,C,9.095
5/28/2020 0:42,C,9.095
5/28/2020 4:42,C,9.095
5/28/2020 8:42,C,9.095
5/28/2020 12:42,C,9.095
5/28/2020 16:42,C,9.095
5/28/2020 20:42,C,9.095
5/29/2020 0:42,C,9.095
5/29/2020 4:42,C,9.095
5/29/2020 8:42,C,9.095
5/29/2020 12:42,C,9.095
5/29/2020 16:42,C,9.095
5/29/2020 20:42,C,9.095
5/30/2020 0:42,C,9.095
5/30/2020 4:42,C,9.095
5/30/2020 8:42,C,9.095
5/30/2020 12:42,C,9.095
5/30/2020 16:42,C,8.593
5/30/2020 20:42,C,9.095
5/31/2020 0:42,C,9.095
5/31/2020 4:42,C,9.095
5/31/2020 8:42,C,8.593
5/31/2020 12:42,C,8.593
5/31/2020 16:42,C,8.593
5/31/2020 20:42,C,8.593
6/1/2020 0:42,C,9.095
6/1/2020 4:42,C,9.095
6/1/2020 8:42,C,9.095
6/1/2020 12:42,C,9.095
6/1/2020 16:42,C,9.095
6/1/2020 20:42,C,9.095
6/2/2020 0:42,C,9.597
6/2/2020 4:42,C,9.597
6/2/2020 8:42,C,9.597
6/2/2020 12:42,C,9.597
6/2/2020 16:42,C,9.597
6/2/2020 20:42,C,10.099
6/3/2020 0:42,C,10.099
6/3/2020 4:42,C,10.099
6/3/2020 8:42,C,10.099
6/3/2020 12:42,C,10.099
6/3/2020 16:42,C,10.099
6/3/2020 20:42,C,10.099
6/4/2020 0:42,C,10.099
6/4/2020 4:42,C,10.099
6/4/2020 8:42,C,10.099
6/4/2020 12:42,C,10.099
6/4/2020 16:42,C,10.099
6/4/2020 20:42,C,10.601
6/5/2020 0:42,C,10.601
6/5/2020 4:42,C,10.601
6/5/2020 8:42,C,10.601
6/5/2020 12:42,C,10.601
6/5/2020 16:42,C,10.601
6/5/2020 20:42,C,10.601
6/6/2020 0:42,C,10.601
6/6/2020 4:42,C,10.601
6/6/2020 8:42,C,10.601
6/6/2020 12:42,C,10.601
6/6/2020 16:42,C,10.601
6/6/2020 20:42,C,10.601
6/7/2020 0:42,C,10.601
6/7/2020 4:42,C,10.601
6/7/2020 8:42,C,10.601
6/7/2020 12:42,C,10.601
6/7/2020 16:42,C,10.601
6/7/2020 20:42,C,10.601
6/8/2020 0:42,C,10.601
6/8/2020 4:42,C,10.601
6/8/2020 8:42,C,11.103
6/8/2020 12:42,C,11.605
6/8/2020 16:42,C,11.605
6/8/2020 20:42,C,11.605
6/9/2020 0:42,C,12.107
6/9/2020 4:42,C,12.107
6/9/2020 8:42,C,12.107
6/9/2020 12:42,C,12.608
6/9/2020 16:42,C,12.608
6/9/2020 20:42,C,12.608
6/10/2020 0:42,C,12.608
6/10/2020 4:42,C,12.608
6/10/2020 8:42,C,12.107
6/10/2020 12:42,C,12.107
6/10/2020 16:42,C,12.107
6/10/2020 20:42,C,12.107
6/11/2020 0:42,C,12.107
6/11/2020 4:42,C,12.107
6/11/2020 8:42,C,12.107
6/11/2020 12:42,C,11.605
6/11/2020 16:42,C,11.605
6/11/2020 20:42,C,12.107
6/12/2020 0:42,C,12.107
6/12/2020 4:42,C,12.107
6/12/2020 8:42,C,11.605
6/12/2020 12:42,C,11.605
6/12/2020 16:42,C,11.605
6/12/2020 20:42,C,11.605
6/13/2020 0:42,C,11.605
6/13/2020 4:42,C,11.605
6/13/2020 8:42,C,11.605
6/13/2020 12:42,C,11.605
6/13/2020 16:42,C,11.605
6/13/2020 20:42,C,11.605
6/14/2020 0:42,C,11.605
6/14/2020 4:42,C,11.605
6/14/2020 8:42,C,11.605
6/14/2020 12:42,C,11.605
6/14/2020 16:42,C,11.605
6/14/2020 20:42,C,11.605
6/15/2020 0:42,C,11.605
6/15/2020 4:42,C,11.605
6/15/2020 8:42,C,11.605
6/15/2020 12:42,C,11.605
6/15/2020 16:42,C,12.107
6/15/2020 20:42,C,12.107
6/16/2020 0:42,C,12.107
6/16/2020 4:42,C,12.107
6/16/2020 8:42,C,12.107
6/16/2020 12:42,C,12.107
6/16/2020 16:42,C,12.608
6/16/2020 20:42,C,12.608
6/17/2020 0:42,C,12.608
6/17/2020 4:42,C,13.11
6/17/2020 8:42,C,13.11
6/17/2020 12:42,C,13.11
6/17/2020 16:42,C,13.11
6/17/2020 20:42,C,13.11
6/18/2020 0:42,C,13.11
6/18/2020 4:42,C,13.612
6/18/2020 8:42,C,14.113
6/18/2020 12:42,C,14.113
6/18/2020 16:42,C,14.113
6/18/2020 20:42,C,14.113
6/19/2020 0:42,C,14.113
6/19/2020 4:42,C,14.113
6/19/2020 8:42,C,14.113
6/19/2020 12:42,C,14.113
6/19/2020 16:42,C,13.612
6/19/2020 20:42,C,13.612
6/20/2020 0:42,C,13.612
6/20/2020 4:42,C,13.612
6/20/2020 8:42,C,13.612
6/20/2020 12:42,C,13.612
6/20/2020 16:42,C,13.612
6/20/2020 20:42,C,13.612
6/21/2020 0:42,C,13.612
6/21/2020 4:42,C,13.612
6/21/2020 8:42,C,13.11
6/21/2020 12:42,C,13.11
6/21/2020 16:42,C,13.11
6/21/2020 20:42,C,13.11
6/22/2020 0:42,C,13.11
6/22/2020 4:42,C,13.11
6/22/2020 8:42,C,13.11
6/22/2020 12:42,C,13.11
6/22/2020 16:42,C,13.11
6/22/2020 20:42,C,13.11
6/23/2020 0:42,C,13.11
6/23/2020 4:42,C,13.11
6/23/2020 8:42,C,13.11
6/23/2020 12:42,C,13.11
6/23/2020 16:42,C,13.11
6/23/2020 20:42,C,13.11
6/24/2020 0:42,C,13.11
6/24/2020 4:42,C,13.11
6/24/2020 8:42,C,13.11
6/24/2020 12:42,C,13.11
6/24/2020 16:42,C,13.11
6/24/2020 20:42,C,13.11
6/25/2020 0:42,C,13.11
6/25/2020 4:42,C,13.11
6/25/2020 8:42,C,13.11
6/25/2020 12:42,C,13.11
6/25/2020 16:42,C,13.11
6/25/2020 20:42,C,13.11
6/26/2020 0:42,C,13.11
6/26/2020 4:42,C,13.11
6/26/2020 8:42,C,13.11
6/26/2020 12:42,C,13.612
6/26/2020 16:42,C,13.612
6/26/2020 20:42,C,13.612
6/27/2020 0:42,C,13.612
6/27/2020 4:42,C,13.612
6/27/2020 8:42,C,13.612
6/27/2020 12:42,C,13.612
6/27/2020 16:42,C,13.612
6/27/2020 20:42,C,13.612
6/28/2020 0:42,C,14.113
6/28/2020 4:42,C,14.113
6/28/2020 8:42,C,14.113
6/28/2020 12:42,C,14.113
6/28/2020 16:42,C,14.113
6/28/2020 20:42,C,14.113
6/29/2020 0:42,C,14.113
6/29/2020 4:42,C,14.113
6/29/2020 8:42,C,14.113
6/29/2020 12:42,C,14.113
6/29/2020 16:42,C,14.615
6/29/2020 20:42,C,14.615
6/30/2020 0:42,C,14.615
6/30/2020 4:42,C,14.615
6/30/2020 8:42,C,14.615
6/30/2020 12:42,C,14.615
6/30/2020 16:42,C,14.615
6/30/2020 20:42,C,14.615
7/1/2020 0:42,C,15.116
7/1/2020 4:42,C,15.116
7/1/2020 8:42,C,15.116
7/1/2020 12:42,C,15.116
7/1/2020 16:42,C,15.116
7/1/2020 20:42,C,15.116
7/2/2020 0:42,C,15.116
7/2/2020 4:42,C,15.116
7/2/2020 8:42,C,15.116
7/2/2020 12:42,C,15.116
7/2/2020 16:42,C,15.116
7/2/2020 20:42,C,15.617
7/3/2020 0:42,C,15.617
7/3/2020 4:42,C,15.617
7/3/2020 8:42,C,15.617
7/3/2020 12:42,C,15.617
7/3/2020 16:42,C,15.617
7/3/2020 20:42,C,15.617
7/4/2020 0:42,C,16.118
7/4/2020 4:42,C,16.118
7/4/2020 8:42,C,15.617
7/4/2020 12:42,C,15.617
7/4/2020 16:42,C,15.617
7/4/2020 20:42,C,16.118
7/5/2020 0:42,C,16.118
7/5/2020 4:42,C,16.118
7/5/2020 8:42,C,16.118
7/5/2020 12:42,C,16.118
7/5/2020 16:42,C,16.118
7/5/2020 20:42,C,16.118
7/6/2020 0:42,C,16.118
7/6/2020 4:42,C,16.118
7/6/2020 8:42,C,16.118
7/6/2020 12:42,C,16.118
7/6/2020 16:42,C,16.118
7/6/2020 20:42,C,16.118
7/7/2020 0:42,C,16.118
7/7/2020 4:42,C,16.118
7/7/2020 8:42,C,16.118
7/7/2020 12:42,C,16.118
7/7/2020 16:42,C,16.118
7/7/2020 20:42,C,16.118
7/8/2020 0:42,C,16.118
7/8/2020 4:42,C,16.118
7/8/2020 8:42,C,16.118
7/8/2020 12:42,C,16.118
7/8/2020 16:42,C,16.118
7/8/2020 20:42,C,16.118
7/9/2020 0:42,C,16.118
7/9/2020 4:42,C,16.118
7/9/2020 8:42,C,16.118
7/9/2020 12:42,C,16.118
7/9/2020 16:42,C,16.118
7/9/2020 20:42,C,16.118
7/10/2020 0:42,C,16.62
7/10/2020 4:42,C,16.118
7/10/2020 8:42,C,16.118
7/10/2020 12:42,C,16.118
7/10/2020 16:42,C,16.118
7/10/2020 20:42,C,16.118
7/11/2020 0:42,C,16.118
7/11/2020 4:42,C,16.118
7/11/2020 8:42,C,16.118
7/11/2020 12:42,C,16.118
7/11/2020 16:42,C,16.118
7/11/2020 20:42,C,16.118
7/12/2020 0:42,C,16.118
7/12/2020 4:42,C,16.118
7/12/2020 8:42,C,16.118
7/12/2020 12:42,C,16.118
7/12/2020 16:42,C,16.118
7/12/2020 20:42,C,16.118
7/13/2020 0:42,C,16.118
7/13/2020 4:42,C,16.118
7/13/2020 8:42,C,16.118
7/13/2020 12:42,C,16.118
7/13/2020 16:42,C,16.118
7/13/2020 20:42,C,16.118
7/14/2020 0:42,C,16.118
7/14/2020 4:42,C,16.118
7/14/2020 8:42,C,16.118
7/14/2020 12:42,C,16.118
7/14/2020 16:42,C,16.118
7/14/2020 20:42,C,16.118
7/15/2020 0:42,C,16.118
7/15/2020 4:42,C,16.118
7/15/2020 8:42,C,16.118
7/15/2020 12:42,C,16.118
7/15/2020 16:42,C,16.118
7/15/2020 20:42,C,16.118
7/16/2020 0:42,C,16.118
7/16/2020 4:42,C,16.118
7/16/2020 8:42,C,16.118
7/16/2020 12:42,C,16.118
7/16/2020 16:42,C,16.118
7/16/2020 20:42,C,16.118
7/17/2020 0:42,C,16.118
7/17/2020 4:42,C,16.118
7/17/2020 8:42,C,16.118
7/17/2020 12:42,C,16.118
7/17/2020 16:42,C,16.118
7/17/2020 20:42,C,16.118
7/18/2020 0:42,C,16.118
7/18/2020 4:42,C,16.118
7/18/2020 8:42,C,16.118
7/18/2020 12:42,C,16.118
7/18/2020 16:42,C,16.118
7/18/2020 20:42,C,16.62
7/19/2020 0:42,C,16.62
7/19/2020 4:42,C,16.62
7/19/2020 8:42,C,16.62
7/19/2020 12:42,C,16.118
7/19/2020 16:42,C,16.118
7/19/2020 20:42,C,16.118
7/20/2020 0:42,C,16.62
7/20/2020 4:42,C,16.118
7/20/2020 8:42,C,16.118
7/20/2020 12:42,C,16.118
7/20/2020 16:42,C,16.118
7/20/2020 20:42,C,16.118
7/21/2020 0:42,C,16.118
7/21/2020 4:42,C,16.118
7/21/2020 8:42,C,16.118
7/21/2020 12:42,C,16.118
7/21/2020 16:42,C,16.118
7/21/2020 20:42,C,16.118
7/22/2020 0:42,C,16.118
7/22/2020 4:42,C,16.118
7/22/2020 8:42,C,15.617
7/22/2020 12:42,C,15.617
7/22/2020 16:42,C,15.617
7/22/2020 20:42,C,15.617
7/23/2020 0:42,C,15.617
7/23/2020 4:42,C,15.617
7/23/2020 8:42,C,15.617
7/23/2020 12:42,C,15.617
7/23/2020 16:42,C,15.617
7/23/2020 20:42,C,15.617
7/24/2020 0:42,C,15.617
7/24/2020 4:42,C,16.118
7/24/2020 8:42,C,16.118
7/24/2020 12:42,C,16.118
7/24/2020 16:42,C,16.118
7/24/2020 20:42,C,16.118
7/25/2020 0:42,C,16.62
7/25/2020 4:42,C,16.62
7/25/2020 8:42,C,16.62
7/25/2020 12:42,C,16.62
7/25/2020 16:42,C,17.121
7/25/2020 20:42,C,17.121
7/26/2020 0:42,C,17.121
7/26/2020 4:42,C,17.121
7/26/2020 8:42,C,17.121
7/26/2020 12:42,C,17.121
7/26/2020 16:42,C,17.121
7/26/2020 20:42,C,17.121
7/27/2020 0:42,C,17.121
7/27/2020 4:42,C,17.121
7/27/2020 8:42,C,17.121
7/27/2020 12:42,C,17.121
7/27/2020 16:42,C,17.121
7/27/2020 20:42,C,17.121
7/28/2020 0:42,C,17.121
7/28/2020 4:42,C,17.121
7/28/2020 8:42,C,17.121
7/28/2020 12:42,C,16.62
7/28/2020 16:42,C,16.62
7/28/2020 20:42,C,17.121
7/29/2020 0:42,C,17.121
7/29/2020 4:42,C,17.121
7/29/2020 8:42,C,16.62
7/29/2020 12:42,C,16.62
7/29/2020 16:42,C,16.62
7/29/2020 20:42,C,16.62
7/30/2020 0:42,C,16.62
7/30/2020 4:42,C,16.62
7/30/2020 8:42,C,16.62
7/30/2020 12:42,C,16.62
7/30/2020 16:42,C,16.62
7/30/2020 20:42,C,16.62
7/31/2020 0:42,C,16.62
7/31/2020 4:42,C,16.62
7/31/2020 8:42,C,16.62
7/31/2020 12:42,C,16.62
7/31/2020 16:42,C,16.62
7/31/2020 20:42,C,16.62
8/1/2020 0:42,C,16.62
8/1/2020 4:42,C,16.62
8/1/2020 8:42,C,16.62
8/1/2020 12:42,C,16.62
8/1/2020 16:42,C,16.62
8/1/2020 20:42,C,16.62
8/2/2020 0:42,C,16.62
8/2/2020 4:42,C,16.62
8/2/2020 8:42,C,16.62
8/2/2020 12:42,C,16.62
8/2/2020 16:42,C,16.62
8/2/2020 20:42,C,16.62
8/3/2020 0:42,C,16.62
8/3/2020 4:42,C,16.118
8/3/2020 8:42,C,16.118
8/3/2020 12:42,C,16.118
8/3/2020 16:42,C,16.118
8/3/2020 20:42,C,16.118
8/4/2020 0:42,C,16.118
8/4/2020 4:42,C,16.118
8/4/2020 8:42,C,16.118
8/4/2020 12:42,C,15.617
8/4/2020 16:42,C,15.617
8/4/2020 20:42,C,15.617
8/5/2020 0:42,C,15.617
8/5/2020 4:42,C,15.617
8/5/2020 8:42,C,15.617
8/5/2020 12:42,C,15.617
8/5/2020 16:42,C,15.617
8/5/2020 20:42,C,15.617
8/6/2020 0:42,C,15.617
8/6/2020 4:42,C,15.617
8/6/2020 8:42,C,15.617
8/6/2020 12:42,C,15.617
8/6/2020 16:42,C,15.617
8/6/2020 20:42,C,15.617
8/7/2020 0:42,C,15.617
8/7/2020 4:42,C,16.118
8/7/2020 8:42,C,16.118
8/7/2020 12:42,C,16.118
8/7/2020 16:42,C,16.118
8/7/2020 20:42,C,16.62
8/8/2020 0:42,C,16.62
8/8/2020 4:42,C,16.62
8/8/2020 8:42,C,16.62
8/8/2020 12:42,C,16.62
8/8/2020 16:42,C,16.62
8/8/2020 20:42,C,16.62
8/9/2020 0:42,C,16.62
8/9/2020 4:42,C,16.62
8/9/2020 8:42,C,16.62
8/9/2020 12:42,C,16.62
8/9/2020 16:42,C,16.62
8/9/2020 20:42,C,16.62
8/10/2020 0:42,C,17.121
8/10/2020 4:42,C,16.62
8/10/2020 8:42,C,16.62
8/10/2020 12:42,C,16.62
8/10/2020 16:42,C,16.62
8/10/2020 20:42,C,16.62
8/11/2020 0:42,C,16.62
8/11/2020 4:42,C,16.62
8/11/2020 8:42,C,16.62
8/11/2020 12:42,C,16.62
8/11/2020 16:42,C,16.62
8/11/2020 20:42,C,16.62
8/12/2020 0:42,C,16.62
8/12/2020 4:42,C,16.62
8/12/2020 8:42,C,16.62
8/12/2020 12:42,C,16.62
8/12/2020 16:42,C,16.62
8/12/2020 20:42,C,16.62
8/13/2020 0:42,C,16.62
8/13/2020 4:42,C,16.62
8/13/2020 8:42,C,16.62
8/13/2020 12:42,C,16.62
8/13/2020 16:42,C,16.62
8/13/2020 20:42,C,16.62
8/14/2020 0:42,C,16.62
8/14/2020 4:42,C,17.121
8/14/2020 8:42,C,17.121
8/14/2020 12:42,C,17.121
8/14/2020 16:42,C,16.62
8/14/2020 20:42,C,16.62
8/15/2020 0:42,C,16.62
8/15/2020 4:42,C,16.62
8/15/2020 8:42,C,16.62
8/15/2020 12:42,C,16.62
8/15/2020 16:42,C,16.62
8/15/2020 20:42,C,16.62
8/16/2020 0:42,C,16.62
8/16/2020 4:42,C,16.62
8/16/2020 8:42,C,16.62
8/16/2020 12:42,C,16.62
8/16/2020 16:42,C,16.118
8/16/2020 20:42,C,16.62
8/17/2020 0:42,C,16.62
8/17/2020 4:42,C,16.62
8/17/2020 8:42,C,16.62
8/17/2020 12:42,C,16.118
8/17/2020 16:42,C,16.118
8/17/2020 20:42,C,16.118
8/18/2020 0:42,C,16.118
8/18/2020 4:42,C,16.118
8/18/2020 8:42,C,16.118
8/18/2020 12:42,C,16.118
8/18/2020 16:42,C,16.118
8/18/2020 20:42,C,16.118
8/19/2020 0:42,C,16.118
8/19/2020 4:42,C,16.118
8/19/2020 8:42,C,16.118
8/19/2020 12:42,C,16.118
8/19/2020 16:42,C,16.118
8/19/2020 20:42,C,16.62
8/20/2020 0:42,C,16.62
8/20/2020 4:42,C,16.62
8/20/2020 8:42,C,16.62
8/20/2020 12:42,C,16.62
8/20/2020 16:42,C,16.62
8/20/2020 20:42,C,16.62
8/21/2020 0:42,C,17.121
8/21/2020 4:42,C,17.121
8/21/2020 8:42,C,17.121
8/21/2020 12:42,C,17.121
8/21/2020 16:42,C,17.121
8/21/2020 20:42,C,17.121
8/22/2020 0:42,C,17.121
8/22/2020 4:42,C,17.121
8/22/2020 8:42,C,17.121
8/22/2020 12:42,C,17.121
8/22/2020 16:42,C,17.121
8/22/2020 20:42,C,17.622
8/23/2020 0:42,C,17.622
8/23/2020 4:42,C,17.622
8/23/2020 8:42,C,17.622
8/23/2020 12:42,C,17.622
8/23/2020 16:42,C,17.622
8/23/2020 20:42,C,17.622
8/24/2020 0:42,C,17.622
8/24/2020 4:42,C,17.622
8/24/2020 8:42,C,17.622
8/24/2020 12:42,C,17.622
8/24/2020 16:42,C,17.622
8/24/2020 20:42,C,17.622
8/25/2020 0:42,C,17.622
8/25/2020 4:42,C,17.622
8/25/2020 8:42,C,17.622
8/25/2020 12:42,C,17.121
8/25/2020 16:42,C,17.121
8/25/2020 20:42,C,17.121
8/26/2020 0:42,C,17.121
8/26/2020 4:42,C,17.121
8/26/2020 8:42,C,17.121
8/26/2020 12:42,C,17.622
8/26/2020 16:42,C,17.622
8/26/2020 20:42,C,17.622
8/27/2020 0:42,C,17.622
8/27/2020 4:42,C,17.622
8/27/2020 8:42,C,17.622
8/27/2020 12:42,C,17.622
8/27/2020 16:42,C,17.121
8/27/2020 20:42,C,17.622
8/28/2020 0:42,C,17.622
8/28/2020 4:42,C,17.622
8/28/2020 8:42,C,17.121
8/28/2020 12:42,C,17.121
8/28/2020 16:42,C,17.121
8/28/2020 20:42,C,17.121
8/29/2020 0:42,C,17.121
8/29/2020 4:42,C,17.121
8/29/2020 8:42,C,17.121
8/29/2020 12:42,C,17.121
8/29/2020 16:42,C,17.121
8/29/2020 20:42,C,17.121
8/30/2020 0:42,C,17.121
8/30/2020 4:42,C,16.62
8/30/2020 8:42,C,16.62
8/30/2020 12:42,C,16.62
8/30/2020 16:42,C,16.62
8/30/2020 20:42,C,16.62
8/31/2020 0:42,C,16.62
8/31/2020 4:42,C,16.62
8/31/2020 8:42,C,16.62
8/31/2020 12:42,C,16.62
8/31/2020 16:42,C,16.118
8/31/2020 20:42,C,16.118
9/1/2020 0:42,C,16.118
9/1/2020 4:42,C,16.118
9/1/2020 8:42,C,16.118
9/1/2020 12:42,C,16.118
9/1/2020 16:42,C,16.118
9/1/2020 20:42,C,16.118
9/2/2020 0:42,C,16.118
9/2/2020 4:42,C,15.617
9/2/2020 8:42,C,15.617
9/2/2020 12:42,C,15.617
9/2/2020 16:42,C,15.617
9/2/2020 20:42,C,15.617
9/3/2020 0:42,C,15.617
9/3/2020 4:42,C,15.617
9/3/2020 8:42,C,15.617
9/3/2020 12:42,C,15.617
9/3/2020 16:42,C,15.617
9/3/2020 20:42,C,15.617
9/4/2020 0:42,C,15.617
9/4/2020 4:42,C,15.617
9/4/2020 8:42,C,15.116
9/4/2020 12:42,C,15.116
9/4/2020 16:42,C,15.116
9/4/2020 20:42,C,19.625
